{"cameraMode":{"drawMode":0,"name":"Shaded","section":"Shading Mode"},"sceneLighting":true,"audioPlay":false,"sceneViewState":{"showFog":false,"showMaterialUpdate":false,"showSkybox":false,"showFlares":false,"showImageEffects":true,"showParticleSystems":true},"in2DMode":false,"pivot":{"x":183.23095703125,"y":104.06414794921875,"z":129.7852020263672},"rotation":{"x":0.09309036284685135,"y":-0.7948751449584961,"z":0.12623809278011323,"w":0.5861530303955078},"size":114.30673217773438,"orthographic":false}