{"cameraMode":{"drawMode":0,"name":"Shaded","section":"Shading Mode"},"sceneLighting":false,"audioPlay":false,"sceneViewState":{"showFog":false,"showMaterialUpdate":false,"showSkybox":false,"showFlares":false,"showImageEffects":true,"showParticleSystems":true},"in2DMode":false,"pivot":{"x":3.5907492637634279,"y":12.287553787231446,"z":-2.4927330017089845},"rotation":{"x":0.026554778218269349,"y":0.5613863468170166,"z":0.01802964136004448,"w":-0.8269336223602295},"size":13.548775672912598,"orthographic":false}