{"cameraMode":{"drawMode":2,"name":"Shaded Wireframe","section":"Shading Mode"},"sceneLighting":true,"audioPlay":false,"sceneViewState":{"showFog":false,"showMaterialUpdate":false,"showSkybox":false,"showFlares":false,"showImageEffects":true,"showParticleSystems":true},"in2DMode":false,"pivot":{"x":-6.124058723449707,"y":-9.192121505737305,"z":-0.12055321037769318},"rotation":{"x":0.30789250135421755,"y":-0.6486546993255615,"z":0.3241945505142212,"w":0.6159895658493042},"size":38.38062286376953,"orthographic":false}